Título del vídeo,Visualizaciones,Porcentaje de clics de las impresiones (%),Med Juego Compartido,Med Horas vistas Juego,Med Impresiones Juego,Med porcentaje clicks Impresiones Juego,Med Visualizaciones Juego,Med Suscriptores Juego,Med Visualizaciones Año,Visualizaciones necesarias para suscribirse al canal,Visualizaciones necesarias para compartir el video
Raid nocturno - Ark ep. 24,112,1.78,1.9787234042553192,55.4977,999.3404255319148,3.4631914893617024,737.468085106383,1.5106382978723405,244.6590909090909,112.0,112.0
Buena partida LoL 8,29,1.8,0.8141025641025641,3.637442307692308,746.8141025641025,1.714102564102564,453.12820512820514,1.0769230769230769,1145.3,0.0,0.0
EPIC ASHE SUPPORT | HIGHLIGHTS | TESTING #2,107,1.01,0.8141025641025641,3.637442307692308,746.8141025641025,1.714102564102564,453.12820512820514,1.0769230769230769,327.9764705882353,0.0,53.5
Esparta #47,36,0.87,2.8615384615384616,14.001944615384616,4670.507692307692,2.23,793.1846153846154,0.7846153846153846,88.5,0.0,36.0
Gran España - Europa Universalis IV #3 || GUERRA CONTRA GRANADA,217,3.91,0.4,8.035069333333333,867.2,2.9804,129.6,0.2,1145.3,0.0,0.0
LTS RAKAN POTENTIAL - LoL Random Highlights ep. 3,50,1.24,0.8141025641025641,3.637442307692308,746.8141025641025,1.714102564102564,453.12820512820514,1.0769230769230769,327.9764705882353,0.0,0.0
Una de agar.io con foris #1,40,0.92,0.25,2.59775,117.25,0.4325,83.5,0.0,1145.3,0.0,0.0
Why no montage on 14th July? It's a betrayal! - Trailer Thresh Montage #2,76,1.87,0.8141025641025641,3.637442307692308,746.8141025641025,1.714102564102564,453.12820512820514,1.0769230769230769,421.21875,0.0,0.0
BETA TOURNAMENT 2 -  Team LAZIO 78 [LRT] - Day 1 - League of Legends,226,2.01,0.8141025641025641,3.637442307692308,746.8141025641025,1.714102564102564,453.12820512820514,1.0769230769230769,327.9764705882353,0.0,226.0
COALICIÓN HISPÁNICA #8 | CAPITULO ESPECIAL CON MANUTEZ2009,164,9.83,0.4,8.035069333333333,867.2,2.9804,129.6,0.2,244.6590909090909,0.0,0.0
CoD MW2 Shots by Mbaka,370,1.15,3.142857142857143,2.9787,1025.2857142857142,2.447142857142857,313.57142857142856,4.285714285714286,1299.7551020408164,0.0,0.0
LoL Clash Highlights - Official Team Gainz Three to Four,41,0.88,0.8141025641025641,3.637442307692308,746.8141025641025,1.714102564102564,453.12820512820514,1.0769230769230769,174.2,0.0,41.0
Napoleón TW España 27 - Asedio de Londres,52,1.39,0.6818181818181818,4.698227272727273,2457.090909090909,2.146818181818181,85.06818181818181,0.4318181818181818,421.21875,0.0,0.0
Empire TW España Darthmod ep. 2,32,4.17,5.384615384615385,123.85656153846156,5924.153846153846,3.209230769230769,3685.923076923077,1.7692307692307692,174.2,0.0,0.0
LoL Highlights Today ep. 10 - Sion support 3 ft. Santanita,25,0.61,0.8141025641025641,3.637442307692308,746.8141025641025,1.714102564102564,453.12820512820514,1.0769230769230769,28.33333333333333,0.0,25.0
FIRST TIME RAKAN + CALUM FD VIDEO - LoL TEAM GAINZ,33,0.61,0.8141025641025641,3.637442307692308,746.8141025641025,1.714102564102564,453.12820512820514,1.0769230769230769,327.9764705882353,0.0,0.0
Esparta #25 - Guerra en Salamina,191,3.03,2.8615384615384616,14.001944615384616,4670.507692307692,2.23,793.1846153846154,0.7846153846153846,268.4634146341463,0.0,0.0
Pedrito por ahí... - LoL in 2015,41,1.65,0.8141025641025641,3.637442307692308,746.8141025641025,1.714102564102564,453.12820512820514,1.0769230769230769,421.21875,0.0,13.666666666666666
Coalición Hispánica #18 | COOPERATIVO CON MANUTEZ2009,43,1.46,0.4,8.035069333333333,867.2,2.9804,129.6,0.2,327.9764705882353,0.0,21.5
Esparta #29 [Parte 1] - Alejandría y Menfis,39,1.52,2.8615384615384616,14.001944615384616,4670.507692307692,2.23,793.1846153846154,0.7846153846153846,268.4634146341463,0.0,39.0
ATACANDO BASE DEL COORE - ARK SEASON 2017 #8,128,3.39,1.9787234042553192,55.4977,999.3404255319148,3.4631914893617024,737.468085106383,1.5106382978723405,327.9764705882353,0.0,0.0
Esparta #4 [Parte 2] - Preparando Éfeso,49,1.22,2.8615384615384616,14.001944615384616,4670.507692307692,2.23,793.1846153846154,0.7846153846153846,268.4634146341463,-49.0,0.0
Espartanos vs Mirmidones - Rome 2 Total War,8438,9.73,2.8615384615384616,14.001944615384616,4670.507692307692,2.23,793.1846153846154,0.7846153846153846,1145.3,767.0909090909091,703.1666666666666
My best thresh play ever? 1.5 kk maestry,430,1.95,0.8141025641025641,3.637442307692308,746.8141025641025,1.714102564102564,453.12820512820514,1.0769230769230769,1299.7551020408164,0.0,430.0
Naval Action ep. 11 Renommee,458,4.1,4.181818181818182,97.90134545454544,5874.454545454545,5.493636363636363,760.1818181818181,3.3181818181818183,421.21875,229.0,229.0
Esparta #38 - Reina del Mediterráneo,33,1.08,2.8615384615384616,14.001944615384616,4670.507692307692,2.23,793.1846153846154,0.7846153846153846,268.4634146341463,-16.5,0.0
Esparta #37 - Esta es mi Λ,42,1.16,2.8615384615384616,14.001944615384616,4670.507692307692,2.23,793.1846153846154,0.7846153846153846,268.4634146341463,0.0,42.0
¡Hay que ser alistar torero! LoL 28,40,2.17,0.8141025641025641,3.637442307692308,746.8141025641025,1.714102564102564,453.12820512820514,1.0769230769230769,244.6590909090909,0.0,0.0
xPeke backdoor remember #leagueoflegends #lol #backdoor,1340,2.5,0.8141025641025641,3.637442307692308,746.8141025641025,1.714102564102564,453.12820512820514,1.0769230769230769,174.2,0.0,1340.0
SLAYED BY BASICS - TESTING #1,35,1.66,0.8141025641025641,3.637442307692308,746.8141025641025,1.714102564102564,453.12820512820514,1.0769230769230769,327.9764705882353,0.0,35.0
Aprovechando una tarde aburrida con hermanos y primas | Sirvo para The Walking Dead??,88,3.0,1.8,1.76096,2288.6,2.1700000000000004,242.6,0.4,1145.3,0.0,0.0
F1 Gran Premio de Australia - 1ª Carrera (McLaren-Honda),77,2.27,0.0,2.45762,2259.0,1.192,55.8,0.0,327.9764705882353,0.0,0.0
Coalición Hispánica #9 | COOPERATIVO CON MANUTEZ,65,2.37,0.4,8.035069333333333,867.2,2.9804,129.6,0.2,244.6590909090909,0.0,0.0
40ª partida League of Legends - Tic tac shockwave,39,0.0,0.8141025641025641,3.637442307692308,746.8141025641025,1.714102564102564,453.12820512820514,1.0769230769230769,244.6590909090909,0.0,0.0
51ª partida League of Legends - Kassadin OP LATE,38,0.44,0.8141025641025641,3.637442307692308,746.8141025641025,1.714102564102564,453.12820512820514,1.0769230769230769,244.6590909090909,0.0,38.0
Gran España - Europa Universalis IV #5 || ¡CASTILLA CONTRA 5 FACCIONES!,248,1.99,0.4,8.035069333333333,867.2,2.9804,129.6,0.2,1145.3,0.0,0.0
Madlife VS SirAlatriste Thresh hook #leagueoflegends #lol #support,238,2.82,0.8141025641025641,3.637442307692308,746.8141025641025,1.714102564102564,453.12820512820514,1.0769230769230769,174.2,119.0,0.0
Family Mannequin Challenge,36,0.96,1.8,1.76096,2288.6,2.1700000000000004,242.6,0.4,244.6590909090909,0.0,0.0
¿Hasta donde llegarías por Roma? #1 - Rome 2 Total War,101,5.06,2.8615384615384616,14.001944615384616,4670.507692307692,2.23,793.1846153846154,0.7846153846153846,1145.3,0.0,0.0
Napoleón TW España 15 - Liberación de Irlanda y Escocia,75,1.53,0.6818181818181818,4.698227272727273,2457.090909090909,2.146818181818181,85.06818181818181,0.4318181818181818,421.21875,75.0,25.0
Jugando al War Thunder #5 - Con manutez2009 (Aviones),32,0.83,1.2,1.21214,242.6,0.996,93.2,0.0,1145.3,0.0,0.0
"39ª partida League of Legends - Final Destroyer LoL (5:28,23:04, 29:38)",25,0.43,0.8141025641025641,3.637442307692308,746.8141025641025,1.714102564102564,453.12820512820514,1.0769230769230769,244.6590909090909,0.0,0.0
Coalicion Hispanica #25 - ARAGÓN CONQUISTA MANCHURIA,55,1.98,0.4,8.035069333333333,867.2,2.9804,129.6,0.2,327.9764705882353,0.0,55.0
LoL 66 TESTING TWISTED FATE BLOOD MOON FT. MONTZYZZ AND SIRGIO,33,1.35,0.8141025641025641,3.637442307692308,746.8141025641025,1.714102564102564,453.12820512820514,1.0769230769230769,327.9764705882353,0.0,0.0
Tribus Cherokee #9 - COLONIZANDO - Campaña cooperativa - EUIV,42,1.37,0.4,8.035069333333333,867.2,2.9804,129.6,0.2,421.21875,-42.0,0.0
Tribus Cherokee #6 - Campaña cooperativa - Europa Universalis,97,1.88,0.4,8.035069333333333,867.2,2.9804,129.6,0.2,327.9764705882353,0.0,97.0
Support o adc? LoL 15,74,1.61,0.8141025641025641,3.637442307692308,746.8141025641025,1.714102564102564,453.12820512820514,1.0769230769230769,1145.3,-74.0,74.0
Insane thresh predict 1.5 kk maestry god,464,2.5,0.8141025641025641,3.637442307692308,746.8141025641025,1.714102564102564,453.12820512820514,1.0769230769230769,1299.7551020408164,0.0,464.0
ATACANDO SERVER 432 DEL COORE - ARK SEASON 2017 #4,145,3.47,1.9787234042553192,55.4977,999.3404255319148,3.4631914893617024,737.468085106383,1.5106382978723405,327.9764705882353,0.0,0.0
fiddesticks penta insane almost,2328,1.75,0.8141025641025641,3.637442307692308,746.8141025641025,1.714102564102564,453.12820512820514,1.0769230769230769,1299.7551020408164,2328.0,0.0
Coalición Hispánica #21 | COOPERATIVO CON MANUTEZ2009,48,1.13,0.4,8.035069333333333,867.2,2.9804,129.6,0.2,327.9764705882353,0.0,0.0
THRESH MONTAGE - SirAlatriste 600k Maestry,528,3.32,0.8141025641025641,3.637442307692308,746.8141025641025,1.714102564102564,453.12820512820514,1.0769230769230769,327.9764705882353,12.571428571428571,52.8
One For All Thresh 2 - League of Legends #72,25,0.84,0.8141025641025641,3.637442307692308,746.8141025641025,1.714102564102564,453.12820512820514,1.0769230769230769,421.21875,0.0,0.0
LoL alistar combo ft. team #shorts,1269,0.55,0.8141025641025641,3.637442307692308,746.8141025641025,1.714102564102564,453.12820512820514,1.0769230769230769,1299.7551020408164,0.0,1269.0
World of Warships # 4 Probando el torpedero. Aún estoy verde...,40,2.68,0.1666666666666666,2.59405,177.66666666666666,2.515,58.5,-0.1666666666666666,1145.3,0.0,0.0
Empire TW España Darthmod ep. 4,74,2.25,5.384615384615385,123.85656153846156,5924.153846153846,3.209230769230769,3685.923076923077,1.7692307692307692,174.2,0.0,0.0
LoL Aram perfect combo for clash #shorts #leagueoflegends,1128,3.7,0.8141025641025641,3.637442307692308,746.8141025641025,1.714102564102564,453.12820512820514,1.0769230769230769,1299.7551020408164,1128.0,0.0
Esparta #28 - Defensa de Jerusalén,66,1.68,2.8615384615384616,14.001944615384616,4670.507692307692,2.23,793.1846153846154,0.7846153846153846,268.4634146341463,0.0,22.0
Napoleón TW España 17 - Batalla contra Wellesley en Gales,56,1.49,0.6818181818181818,4.698227272727273,2457.090909090909,2.146818181818181,85.06818181818181,0.4318181818181818,421.21875,0.0,0.0
Napoleón TW España 3 - 1ª BATALLA de SICILIA,105,2.49,0.6818181818181818,4.698227272727273,2457.090909090909,2.146818181818181,85.06818181818181,0.4318181818181818,327.9764705882353,105.0,105.0
SCUBA Diving Megalodon - Ark ep. 6,285,2.06,1.9787234042553192,55.4977,999.3404255319148,3.4631914893617024,737.468085106383,1.5106382978723405,1145.3,0.0,0.0
Gran España - Europa Universalis IV #7 || CAMINO A LA GUERRA CIVIL,186,3.24,0.4,8.035069333333333,867.2,2.9804,129.6,0.2,244.6590909090909,186.0,0.0
THE PROS ;) - LoL Random Highlights ep. 2,57,1.22,0.8141025641025641,3.637442307692308,746.8141025641025,1.714102564102564,453.12820512820514,1.0769230769230769,327.9764705882353,0.0,0.0
"JHIN, YOU ARE NOT THE ONLY FLOWER",27,1.84,0.8141025641025641,3.637442307692308,746.8141025641025,1.714102564102564,453.12820512820514,1.0769230769230769,327.9764705882353,0.0,0.0
Betrayal Gameplay by Nacho Santana Tur,35,0.73,1.0,0.9547,2813.0,0.94,45.5,-0.5,421.21875,0.0,0.0
Gameplay 3 T-Rex - Ark ep. 3,187,3.16,1.9787234042553192,55.4977,999.3404255319148,3.4631914893617024,737.468085106383,1.5106382978723405,1145.3,187.0,93.5
Napoleon TW España 50 - Batalla por Suiza,54,1.62,0.6818181818181818,4.698227272727273,2457.090909090909,2.146818181818181,85.06818181818181,0.4318181818181818,174.2,0.0,54.0
Team ranked LoL 25,36,0.0,0.8141025641025641,3.637442307692308,746.8141025641025,1.714102564102564,453.12820512820514,1.0769230769230769,1145.3,0.0,0.0
Esparta #39,28,1.09,2.8615384615384616,14.001944615384616,4670.507692307692,2.23,793.1846153846154,0.7846153846153846,268.4634146341463,-14.0,28.0
THRESH VAYNE - TG GAMING HOUSE,31,2.17,0.8141025641025641,3.637442307692308,746.8141025641025,1.714102564102564,453.12820512820514,1.0769230769230769,88.5,0.0,0.0
How we win third cup on LoL Clash - Official Team Gainz Two to Three matches,38,1.71,0.8141025641025641,3.637442307692308,746.8141025641025,1.714102564102564,453.12820512820514,1.0769230769230769,88.5,0.0,38.0
Montzyzz Birthday #2 - STAR WARS BATTLEFRONT -  Gaming House 2017,57,1.71,0.5714285714285714,1.499385714285714,934.1428571428572,0.8171428571428571,50.0,-0.1428571428571428,421.21875,-57.0,0.0
Coalición Hispánica #25 - ARAGÓN CONQUISTA MANCHURIA,39,1.21,0.4,8.035069333333333,867.2,2.9804,129.6,0.2,327.9764705882353,0.0,0.0
NOS ATACAN LOS DARK WOLF!!! - Ark ep. 16,1815,10.76,1.9787234042553192,55.4977,999.3404255319148,3.4631914893617024,737.468085106383,1.5106382978723405,1145.3,181.5,363.0
INVADE TROLL PERFECTO - LEAGUE OF LEGENDS,78,2.43,0.8141025641025641,3.637442307692308,746.8141025641025,1.714102564102564,453.12820512820514,1.0769230769230769,244.6590909090909,0.0,0.0
Team Gainz? LoL 29,32,1.39,0.8141025641025641,3.637442307692308,746.8141025641025,1.714102564102564,453.12820512820514,1.0769230769230769,244.6590909090909,0.0,32.0
Gran España - Europa Universalis IV #10 || REBELIONES Y COLONIAS EN AMÉRICA,251,3.57,0.4,8.035069333333333,867.2,2.9804,129.6,0.2,244.6590909090909,0.0,0.0
Empire TW España Darthmod ep. 9,95,3.55,5.384615384615385,123.85656153846156,5924.153846153846,3.209230769230769,3685.923076923077,1.7692307692307692,174.2,0.0,0.0
Tribus Cherokee #15 - Final,34,1.12,0.4,8.035069333333333,867.2,2.9804,129.6,0.2,421.21875,-34.0,0.0
lol alistar support wombo combo #leagueoflegends,2739,2.0,0.8141025641025641,3.637442307692308,746.8141025641025,1.714102564102564,453.12820512820514,1.0769230769230769,1299.7551020408164,0.0,0.0
Esparta #19 - Histórica Fasis,38,1.41,2.8615384615384616,14.001944615384616,4670.507692307692,2.23,793.1846153846154,0.7846153846153846,268.4634146341463,0.0,0.0
Tutorial domando un T-Rex con Crym - How to tame rex Ark ep. 2,202,1.57,1.9787234042553192,55.4977,999.3404255319148,3.4631914893617024,737.468085106383,1.5106382978723405,1145.3,0.0,0.0
Empire TW España Darthmod ep. 10,30,2.57,5.384615384615385,123.85656153846156,5924.153846153846,3.209230769230769,3685.923076923077,1.7692307692307692,174.2,0.0,0.0
Campaña Ironman Castilla EU4 1444 - 1454,30,0.79,0.4,8.035069333333333,867.2,2.9804,129.6,0.2,174.2,0.0,10.0
Otra con el team LoL 3,52,1.53,0.8141025641025641,3.637442307692308,746.8141025641025,1.714102564102564,453.12820512820514,1.0769230769230769,1145.3,0.0,52.0
Taming Giganotosaurus - Ark Survival Evolved #17,500,3.54,1.9787234042553192,55.4977,999.3404255319148,3.4631914893617024,737.468085106383,1.5106382978723405,1145.3,0.0,0.0
Napoleón TW España 53 - Asedio de Lemberg,64,3.75,0.6818181818181818,4.698227272727273,2457.090909090909,2.146818181818181,85.06818181818181,0.4318181818181818,174.2,0.0,0.0
FIDDLE INSANE PENTAKILL by Montzyzz,465,1.5,0.8141025641025641,3.637442307692308,746.8141025641025,1.714102564102564,453.12820512820514,1.0769230769230769,1299.7551020408164,0.0,232.5
47ª partida League of Legends - BEST WOMBO COMBO EUW (20:10),28,0.98,0.8141025641025641,3.637442307692308,746.8141025641025,1.714102564102564,453.12820512820514,1.0769230769230769,244.6590909090909,0.0,28.0
Naval Action ep. 2 Conquista de Triangles,2389,8.96,4.181818181818182,97.90134545454544,5874.454545454545,5.493636363636363,760.1818181818181,3.3181818181818183,244.6590909090909,477.8,1194.5
Gran España - Europa Universalis IV #31,70,2.5,0.4,8.035069333333333,867.2,2.9804,129.6,0.2,244.6590909090909,0.0,35.0
Gran España - Europa Universalis IV #26,67,0.0,0.4,8.035069333333333,867.2,2.9804,129.6,0.2,244.6590909090909,0.0,0.0
STAR WARS BATTLEFRONT #3 - GRANADAS A FULL,41,0.57,0.5714285714285714,1.499385714285714,934.1428571428572,0.8171428571428571,50.0,-0.1428571428571428,1145.3,0.0,0.0
Orianna dodges everything - One Hand Mode,27,1.76,0.8141025641025641,3.637442307692308,746.8141025641025,1.714102564102564,453.12820512820514,1.0769230769230769,421.21875,0.0,27.0
Beta privada Imperivm III - Great Battles of Rome HD v1.50 en Steam [2019],4393,7.63,10.0,85.84160588235294,9411.941176470587,7.367058823529412,2500.176470588235,11.0,421.21875,732.1666666666666,337.9230769230769
combo alistar flash q easy,943,3.78,0.8141025641025641,3.637442307692308,746.8141025641025,1.714102564102564,453.12820512820514,1.0769230769230769,1299.7551020408164,943.0,0.0
Próximamente...,36,0.0,1.8,1.76096,2288.6,2.1700000000000004,242.6,0.4,244.6590909090909,0.0,0.0
Gran España - Europa Universalis IV #17 | MELILLA ESPAÑOLA,180,3.32,0.4,8.035069333333333,867.2,2.9804,129.6,0.2,244.6590909090909,0.0,0.0
World of Warships #3 Disfrutando y aprendiendo una vez más del juego,28,1.1,0.1666666666666666,2.59405,177.66666666666666,2.515,58.5,-0.1666666666666666,1145.3,0.0,28.0
Lol Highlights Today ep. 13 - Plays ft. Mbaka,53,3.72,0.8141025641025641,3.637442307692308,746.8141025641025,1.714102564102564,453.12820512820514,1.0769230769230769,1299.7551020408164,2.12,53.0
Tribus Cherokee #8 - VOLVEMOS A LA CARGA - Campaña cooperativa - EUIV,44,1.48,0.4,8.035069333333333,867.2,2.9804,129.6,0.2,421.21875,-44.0,0.0
Gran España - Europa Universalis IV #9 || RECUPERACIÓN Y ANEXIÓN DE NAVARRA,216,5.45,0.4,8.035069333333333,867.2,2.9804,129.6,0.2,244.6590909090909,216.0,0.0
( Beta ) SNIPING MONTAGE | Call of Duty Modern Warfare 2,89,2.3,3.142857142857143,2.9787,1025.2857142857142,2.447142857142857,313.57142857142856,4.285714285714286,1299.7551020408164,3.56,0.0
La fuerza de Atenas (Mod de Spartacus Rises - Rome 2 Total War),79,3.34,2.8615384615384616,14.001944615384616,4670.507692307692,2.23,793.1846153846154,0.7846153846153846,1145.3,0.0,0.0
Garen gameplay 4/5,37,1.11,0.8141025641025641,3.637442307692308,746.8141025641025,1.714102564102564,453.12820512820514,1.0769230769230769,88.5,0.0,0.0
COALICIÓN HISPÁNICA #19 - ESPECIAL Germán el Emperador - EUIV,68,2.0,0.4,8.035069333333333,867.2,2.9804,129.6,0.2,327.9764705882353,0.0,0.0
34ª Partida League of Legends - Nautilus Top CC,32,1.43,0.8141025641025641,3.637442307692308,746.8141025641025,1.714102564102564,453.12820512820514,1.0769230769230769,244.6590909090909,0.0,0.0
Napoleón TW España 29 - Marchando sobre media Europa,68,1.1,0.6818181818181818,4.698227272727273,2457.090909090909,2.146818181818181,85.06818181818181,0.4318181818181818,421.21875,0.0,0.0
Sorteo de 2 Claves del Imperivm III v1.50 BETA para Steam,1094,6.81,10.0,85.84160588235294,9411.941176470587,7.367058823529412,2500.176470588235,11.0,421.21875,47.56521739130435,136.75
Easy win LoL 14,198,0.66,0.8141025641025641,3.637442307692308,746.8141025641025,1.714102564102564,453.12820512820514,1.0769230769230769,1145.3,0.0,14.142857142857142
LoL 67 PARTIDA BLUE CON MONTZYZZ + REGALO Y 1VS1 (36:23),27,0.63,0.8141025641025641,3.637442307692308,746.8141025641025,1.714102564102564,453.12820512820514,1.0769230769230769,327.9764705882353,0.0,0.0
Partidaza con Thresh LoL 26,35,2.07,0.8141025641025641,3.637442307692308,746.8141025641025,1.714102564102564,453.12820512820514,1.0769230769230769,244.6590909090909,0.0,0.0
Que le j**** - LoL in 2015,82,2.69,0.8141025641025641,3.637442307692308,746.8141025641025,1.714102564102564,453.12820512820514,1.0769230769230769,421.21875,0.0,41.0
LoL Clash Semifinals & Finals - Bilgewater Cup Day 2,45,2.92,0.8141025641025641,3.637442307692308,746.8141025641025,1.714102564102564,453.12820512820514,1.0769230769230769,174.2,0.0,0.0
Naval Action ep. 19 Port Battle Corrientes,304,8.27,4.181818181818182,97.90134545454544,5874.454545454545,5.493636363636363,760.1818181818181,3.3181818181818183,88.5,304.0,60.8
Official Team Gainz Two - Worlds Cup Day 4,29,0.93,0.8141025641025641,3.637442307692308,746.8141025641025,1.714102564102564,453.12820512820514,1.0769230769230769,88.5,0.0,29.0
Naval Action ep. 18 Naval battle Manataca,360,5.31,4.181818181818182,97.90134545454544,5874.454545454545,5.493636363636363,760.1818181818181,3.3181818181818183,88.5,-360.0,120.0
STAR WARS BATTLEFRONT #6 - BATALLA DE JAKKU,33,0.0,0.5714285714285714,1.499385714285714,934.1428571428572,0.8171428571428571,50.0,-0.1428571428571428,1145.3,0.0,0.0
1ª batalla Napoleón Total War,32,1.12,0.6818181818181818,4.698227272727273,2457.090909090909,2.146818181818181,85.06818181818181,0.4318181818181818,1145.3,0.0,8.0
LoL Highlights Today ep. 18 - Duo bot ft. Mbaka,316,2.13,0.8141025641025641,3.637442307692308,746.8141025641025,1.714102564102564,453.12820512820514,1.0769230769230769,1299.7551020408164,0.0,0.0
¿Hasta donde llegarías por Roma? #7 - Pactos de no agresión (35:20),32,0.6,2.8615384615384616,14.001944615384616,4670.507692307692,2.23,793.1846153846154,0.7846153846153846,1145.3,0.0,0.0
Esparta #30 - Batalla de Oasis y aguante de Delminio,28,0.96,2.8615384615384616,14.001944615384616,4670.507692307692,2.23,793.1846153846154,0.7846153846153846,268.4634146341463,0.0,0.0
Moving to volcano with rex - Ark ep. 19,105,4.37,1.9787234042553192,55.4977,999.3404255319148,3.4631914893617024,737.468085106383,1.5106382978723405,1145.3,0.0,0.0
Gran España - Europa Universalis IV #25 || RETOQUES INTERNOS,83,1.25,0.4,8.035069333333333,867.2,2.9804,129.6,0.2,244.6590909090909,0.0,0.0
It Was So Many Time Fighting - Ark Final Destroyer Memories,55,2.24,1.9787234042553192,55.4977,999.3404255319148,3.4631914893617024,737.468085106383,1.5106382978723405,421.21875,0.0,0.0
Probando a Alistar LoL 18,62,1.48,0.8141025641025641,3.637442307692308,746.8141025641025,1.714102564102564,453.12820512820514,1.0769230769230769,1145.3,0.0,0.0
Madlife Vs SirAlatriste | Who is better Thresh?,37,1.56,0.8141025641025641,3.637442307692308,746.8141025641025,1.714102564102564,453.12820512820514,1.0769230769230769,88.5,0.0,37.0
68ª partida League of Legends - TEAM GAINZ TRAINING 2.0,33,0.76,0.8141025641025641,3.637442307692308,746.8141025641025,1.714102564102564,453.12820512820514,1.0769230769230769,327.9764705882353,0.0,0.0
Naval Action ep. 7 Defensa de Cartagena de Indias,237,3.93,4.181818181818182,97.90134545454544,5874.454545454545,5.493636363636363,760.1818181818181,3.3181818181818183,421.21875,237.0,33.857142857142854
Campaña de las Cruzadas 2,36,1.85,0.3636363636363636,5.180945454545455,940.181818181818,2.268181818181818,149.0,0.0909090909090909,1145.3,0.0,0.0
Napoleón TW España 28 - Batalla de Milán,51,1.1,0.6818181818181818,4.698227272727273,2457.090909090909,2.146818181818181,85.06818181818181,0.4318181818181818,421.21875,0.0,0.0
Lol Highlights Today ep. 12 - Chop we will remember you,28,1.44,0.8141025641025641,3.637442307692308,746.8141025641025,1.714102564102564,453.12820512820514,1.0769230769230769,28.33333333333333,-28.0,0.0
La Conquista de Hispania #1 - IMPERIVM III MCI MOD,1458,5.93,10.0,85.84160588235294,9411.941176470587,7.367058823529412,2500.176470588235,11.0,327.9764705882353,364.5,729.0
LoL Team OTG Practice,82,1.31,0.8141025641025641,3.637442307692308,746.8141025641025,1.714102564102564,453.12820512820514,1.0769230769230769,421.21875,0.0,0.0
Coalición Hispánica #26 - FINAL,46,1.96,0.4,8.035069333333333,867.2,2.9804,129.6,0.2,327.9764705882353,0.0,0.0
El ejército que nunca se rendía - El último tercio. Homenaje a #31EneroTercios,47210,8.69,5.384615384615385,123.85656153846156,5924.153846153846,3.209230769230769,3685.923076923077,1.7692307692307692,1145.3,1888.4,704.6268656716418
Tribus Cherokee #5 - Campaña cooperativa - Europa Universalis,80,1.37,0.4,8.035069333333333,867.2,2.9804,129.6,0.2,327.9764705882353,0.0,0.0
Napoleón TW España 34 - Batalla por Buda-Pest,219,3.19,0.6818181818181818,4.698227272727273,2457.090909090909,2.146818181818181,85.06818181818181,0.4318181818181818,421.21875,73.0,0.0
READY FOR FIGHT - Ark ep. 22,283,3.44,1.9787234042553192,55.4977,999.3404255319148,3.4631914893617024,737.468085106383,1.5106382978723405,244.6590909090909,283.0,141.5
Napoleón TW España 14 - Batalla de Cagliari,50,1.33,0.6818181818181818,4.698227272727273,2457.090909090909,2.146818181818181,85.06818181818181,0.4318181818181818,421.21875,0.0,0.0
RAID TRIBU ALPHA - Ark ep. 25,7101,4.39,1.9787234042553192,55.4977,999.3404255319148,3.4631914893617024,737.468085106383,1.5106382978723405,244.6590909090909,1014.4285714285714,789.0
Empire TW España Darthmod ep. 5,28,3.0,5.384615384615385,123.85656153846156,5924.153846153846,3.209230769230769,3685.923076923077,1.7692307692307692,174.2,0.0,0.0
Gran España - Europa Universalis IV #14 || GUERRAS CATÓLICAS Y HEREJES,173,3.97,0.4,8.035069333333333,867.2,2.9804,129.6,0.2,244.6590909090909,0.0,0.0
Hooks 2023 SirAlatriste #shortslol #leagueoflegends,422,0.66,0.8141025641025641,3.637442307692308,746.8141025641025,1.714102564102564,453.12820512820514,1.0769230769230769,174.2,422.0,0.0
Isi y Viken - Random Highlights #4,67,4.18,0.8141025641025641,3.637442307692308,746.8141025641025,1.714102564102564,453.12820512820514,1.0769230769230769,1299.7551020408164,2.392857142857143,0.0
REGALO A SIRGIO + VACALISTAR ft. Montzyzz - League of Legends,40,0.18,0.8141025641025641,3.637442307692308,746.8141025641025,1.714102564102564,453.12820512820514,1.0769230769230769,327.9764705882353,0.0,0.0
Esparta #36 - Nuevo comienzo para Meroe,31,0.93,2.8615384615384616,14.001944615384616,4670.507692307692,2.23,793.1846153846154,0.7846153846153846,268.4634146341463,0.0,15.5
Lol Highlights Today ep. 15 - Teamplays,53,3.31,0.8141025641025641,3.637442307692308,746.8141025641025,1.714102564102564,453.12820512820514,1.0769230769230769,1299.7551020408164,2.409090909090909,0.0
Napoleón TW España 48 - Batallas en Breslau,70,3.51,0.6818181818181818,4.698227272727273,2457.090909090909,2.146818181818181,85.06818181818181,0.4318181818181818,174.2,70.0,0.0
Pelea contra los P.C.B defendiendo a Black Dragon - Ark ep. 7,5108,2.91,1.9787234042553192,55.4977,999.3404255319148,3.4631914893617024,737.468085106383,1.5106382978723405,1145.3,182.42857142857144,300.47058823529414
Mejora de gráficos - Ark ep. 4,320,3.33,1.9787234042553192,55.4977,999.3404255319148,3.4631914893617024,737.468085106383,1.5106382978723405,1145.3,0.0,0.0
Gran Premio de Cataluña - F1 2016,97,1.67,0.0,2.45762,2259.0,1.192,55.8,0.0,421.21875,0.0,0.0
NEW GAME IN CHANNEL? Counter Strike Global Offensive [CSGO],36,0.31,0.0,0.2154,957.0,0.31,36.0,-1.0,327.9764705882353,-36.0,0.0
"""¡Granada enemiga!"" - Ark Raid",34,1.83,1.9787234042553192,55.4977,999.3404255319148,3.4631914893617024,737.468085106383,1.5106382978723405,88.5,0.0,17.0
Wild Rift Road to Challenger - Kennen insane ultimate,232,3.97,0.8141025641025641,3.637442307692308,746.8141025641025,1.714102564102564,453.12820512820514,1.0769230769230769,1299.7551020408164,116.0,116.0
Campaña de las cruzadas 10 - El jaque mate a Alejandría. Formamos ya parte del Nilo.,54,0.79,0.3636363636363636,5.180945454545455,940.181818181818,2.268181818181818,149.0,0.0909090909090909,1145.3,0.0,27.0
NICE BUG,27,0.48,0.8141025641025641,3.637442307692308,746.8141025641025,1.714102564102564,453.12820512820514,1.0769230769230769,327.9764705882353,0.0,0.0
Naval Action ep. 6 Flota GOE vs NPC,89,2.41,4.181818181818182,97.90134545454544,5874.454545454545,5.493636363636363,760.1818181818181,3.3181818181818183,421.21875,0.0,89.0
Napoleón TW España 32 - Batalla naval en el Egeo y un desastre,66,1.1,0.6818181818181818,4.698227272727273,2457.090909090909,2.146818181818181,85.06818181818181,0.4318181818181818,421.21875,0.0,33.0
TEAM GAINZ FLEX QUEUE LEAGUE OF LEGENDS,52,0.0,0.8141025641025641,3.637442307692308,746.8141025641025,1.714102564102564,453.12820512820514,1.0769230769230769,327.9764705882353,52.0,0.0
Como se hace la cueva - Ark ep. 9,724,2.71,1.9787234042553192,55.4977,999.3404255319148,3.4631914893617024,737.468085106383,1.5106382978723405,1145.3,362.0,0.0
Base P.C.B y más - Ark ep.18,469,11.18,1.9787234042553192,55.4977,999.3404255319148,3.4631914893617024,737.468085106383,1.5106382978723405,1145.3,0.0,469.0
Naval Action ep. 22 Batalla naval de Jagua,357,9.33,4.181818181818182,97.90134545454544,5874.454545454545,5.493636363636363,760.1818181818181,3.3181818181818183,88.5,0.0,178.5
Napoleón TW España 31 - Asedio de Estambul,55,0.95,0.6818181818181818,4.698227272727273,2457.090909090909,2.146818181818181,85.06818181818181,0.4318181818181818,421.21875,0.0,0.0
LoL #70 - SPECIAL EDITION - XPEKE GAREEEN // GAMING HOUSE,89,0.97,0.8141025641025641,3.637442307692308,746.8141025641025,1.714102564102564,453.12820512820514,1.0769230769230769,327.9764705882353,0.0,0.0
Una perfecta LoL 19,42,1.61,0.8141025641025641,3.637442307692308,746.8141025641025,1.714102564102564,453.12820512820514,1.0769230769230769,1145.3,0.0,0.0
IMPERIUM 3 - Torneo de Campeones (Resumen) - Charla junto al Director de FX Interactive,311,3.74,10.0,85.84160588235294,9411.941176470587,7.367058823529412,2500.176470588235,11.0,327.9764705882353,0.0,0.0
Final server 108 matando P.C.B con Calum FD - Ark ep. 14,2944,4.63,1.9787234042553192,55.4977,999.3404255319148,3.4631914893617024,737.468085106383,1.5106382978723405,1145.3,736.0,588.8
¿Hasta donde llegarías por Roma? #4 - BATALLA NAVAL (33:14),41,1.91,2.8615384615384616,14.001944615384616,4670.507692307692,2.23,793.1846153846154,0.7846153846153846,1145.3,0.0,0.0
Napoleón TW España 20 - 2º saco de Roma,72,1.6,0.6818181818181818,4.698227272727273,2457.090909090909,2.146818181818181,85.06818181818181,0.4318181818181818,421.21875,-72.0,0.0
La Conquista de Hispania #2 - IMPERIVM III MCI MOD,985,5.52,10.0,85.84160588235294,9411.941176470587,7.367058823529412,2500.176470588235,11.0,327.9764705882353,985.0,0.0
5 SKT Telecom plays - LoL in 2015,26,1.09,0.8141025641025641,3.637442307692308,746.8141025641025,1.714102564102564,453.12820512820514,1.0769230769230769,421.21875,-26.0,0.0
PROMO Platino [Montzyzz] & Gold II [SirAlatriste] & Gold I [SirGio]- League of Legends Flex Queue,96,0.53,0.8141025641025641,3.637442307692308,746.8141025641025,1.714102564102564,453.12820512820514,1.0769230769230769,327.9764705882353,0.0,0.0
Lol Hightlights Today ep. 7 - Here we come,29,1.57,0.8141025641025641,3.637442307692308,746.8141025641025,1.714102564102564,453.12820512820514,1.0769230769230769,88.5,0.0,0.0
Taming Quetzal - Ark ep. 15,433,3.17,1.9787234042553192,55.4977,999.3404255319148,3.4631914893617024,737.468085106383,1.5106382978723405,1145.3,-433.0,0.0
¡Feliz día de los Tercios! #31EneroTercios,1008,2.68,1.8,1.76096,2288.6,2.1700000000000004,242.6,0.4,268.4634146341463,504.0,112.0
Napoleón TW España 44 - Batalla por Venecia,54,2.67,0.6818181818181818,4.698227272727273,2457.090909090909,2.146818181818181,85.06818181818181,0.4318181818181818,174.2,0.0,0.0
LoL Alistar best save,1374,3.2,0.8141025641025641,3.637442307692308,746.8141025641025,1.714102564102564,453.12820512820514,1.0769230769230769,1299.7551020408164,0.0,458.0
"41ª partida League of Legends - Orianna support (30:38,37:47)",32,0.42,0.8141025641025641,3.637442307692308,746.8141025641025,1.714102564102564,453.12820512820514,1.0769230769230769,244.6590909090909,0.0,32.0
Una del egipcio LoL 20,34,0.0,0.8141025641025641,3.637442307692308,746.8141025641025,1.714102564102564,453.12820512820514,1.0769230769230769,1145.3,0.0,0.0
Garen gameplay 1/5,27,1.39,0.8141025641025641,3.637442307692308,746.8141025641025,1.714102564102564,453.12820512820514,1.0769230769230769,88.5,0.0,0.0
Una de agar.io con foris #2,153,0.0,0.25,2.59775,117.25,0.4325,83.5,0.0,1145.3,0.0,0.0
Empire TW España Darthmod ep. 12,29,1.24,5.384615384615385,123.85656153846156,5924.153846153846,3.209230769230769,3685.923076923077,1.7692307692307692,174.2,0.0,0.0
PENTAKILL LoL 22,45,0.71,0.8141025641025641,3.637442307692308,746.8141025641025,1.714102564102564,453.12820512820514,1.0769230769230769,1145.3,0.0,22.5
Teaser Thresh Montage #1 - Soon will rain plays,60,1.65,0.8141025641025641,3.637442307692308,746.8141025641025,1.714102564102564,453.12820512820514,1.0769230769230769,327.9764705882353,0.0,0.0
Naval Action ep. 3 Mareando con la Surprise,474,3.01,4.181818181818182,97.90134545454544,5874.454545454545,5.493636363636363,760.1818181818181,3.3181818181818183,244.6590909090909,474.0,0.0
Empire TW España Darthmod ep. 1 - Homenaje #31enerotercios,71,3.42,5.384615384615385,123.85656153846156,5924.153846153846,3.209230769230769,3685.923076923077,1.7692307692307692,174.2,-71.0,0.0
Campaña de las Cruzadas 9 - Saqueo de Nicosia. Triple alianza. Victorias fundamentales en Ascalón,48,1.21,0.3636363636363636,5.180945454545455,940.181818181818,2.268181818181818,149.0,0.0909090909090909,1145.3,0.0,0.0
"Lol Clash ""Copa Flerjord - Day 2"" Game 1 - Team Gainz [OTG]",30,1.5,0.8141025641025641,3.637442307692308,746.8141025641025,1.714102564102564,453.12820512820514,1.0769230769230769,88.5,0.0,0.0
Esparta #5 - Éfeso veni vidi vinci,53,1.45,2.8615384615384616,14.001944615384616,4670.507692307692,2.23,793.1846153846154,0.7846153846153846,268.4634146341463,0.0,0.0
Tribus Cherokee #2 - Campaña cooperativa - EU4,217,2.4,0.4,8.035069333333333,867.2,2.9804,129.6,0.2,327.9764705882353,0.0,0.0
Gran España - Europa Universalis IV #2 || GUERRA EN ÁFRICA DEL NORTE,396,3.29,0.4,8.035069333333333,867.2,2.9804,129.6,0.2,1145.3,0.0,0.0
Zr Mbaka was a Lee Sin god on LoL,370,0.76,0.8141025641025641,3.637442307692308,746.8141025641025,1.714102564102564,453.12820512820514,1.0769230769230769,1299.7551020408164,0.0,370.0
Dr. Mundo vs Dr. Mundo contra Sirgio,27,0.31,0.8141025641025641,3.637442307692308,746.8141025641025,1.714102564102564,453.12820512820514,1.0769230769230769,244.6590909090909,0.0,0.0
Esparta #2 - Batalla de Ierápetra [Sin micro],81,2.04,2.8615384615384616,14.001944615384616,4670.507692307692,2.23,793.1846153846154,0.7846153846153846,268.4634146341463,0.0,0.0
LoL orianna ultimate combo #shorts,1476,4.08,0.8141025641025641,3.637442307692308,746.8141025641025,1.714102564102564,453.12820512820514,1.0769230769230769,1299.7551020408164,0.0,0.0
2 BOSS ARAÑA TEK TIER - Ark Final Destroyer memories,414,1.41,1.9787234042553192,55.4977,999.3404255319148,3.4631914893617024,737.468085106383,1.5106382978723405,327.9764705882353,0.0,59.142857142857146
LoL Alistar combo perfect,975,4.9,0.8141025641025641,3.637442307692308,746.8141025641025,1.714102564102564,453.12820512820514,1.0769230769230769,1299.7551020408164,487.5,0.0
Buen early Pantheon LoL 10,27,0.95,0.8141025641025641,3.637442307692308,746.8141025641025,1.714102564102564,453.12820512820514,1.0769230769230769,1145.3,0.0,0.0
59ª partida League of Legends - ESPECIAL ARKANO,52,1.16,0.8141025641025641,3.637442307692308,746.8141025641025,1.714102564102564,453.12820512820514,1.0769230769230769,244.6590909090909,0.0,0.0
Con el equipo LoL 2,28,1.18,0.8141025641025641,3.637442307692308,746.8141025641025,1.714102564102564,453.12820512820514,1.0769230769230769,1145.3,0.0,0.0
CoD MW2 Headshots by ZrMbaka,465,1.63,3.142857142857143,2.9787,1025.2857142857142,2.447142857142857,313.57142857142856,4.285714285714286,1299.7551020408164,0.0,0.0
58ª partida League of Legends - Orianna vs Ahri,29,0.38,0.8141025641025641,3.637442307692308,746.8141025641025,1.714102564102564,453.12820512820514,1.0769230769230769,244.6590909090909,0.0,0.0
Montzyzz Birthday #1 - STAR WARS BATTLEFRONT - Gaming House 2017 Memories,70,1.6,0.5714285714285714,1.499385714285714,934.1428571428572,0.8171428571428571,50.0,-0.1428571428571428,421.21875,0.0,0.0
Naval Action ep. 17 Pelusa vs Depredador,439,6.56,4.181818181818182,97.90134545454544,5874.454545454545,5.493636363636363,760.1818181818181,3.3181818181818183,268.4634146341463,219.5,219.5
REGALO POR CUMPLEAÑOS + TEAM GAINZ MECHANICS,62,0.72,0.8141025641025641,3.637442307692308,746.8141025641025,1.714102564102564,453.12820512820514,1.0769230769230769,327.9764705882353,0.0,0.0
Campaña de las cruzadas 5 - El desastre de Egipto,74,1.79,0.3636363636363636,5.180945454545455,940.181818181818,2.268181818181818,149.0,0.0909090909090909,1145.3,0.0,0.0
Raid RUDOLF GMHB - Ark ep. 27,221,2.93,1.9787234042553192,55.4977,999.3404255319148,3.4631914893617024,737.468085106383,1.5106382978723405,244.6590909090909,221.0,110.5
Esparta #8 - La pena de Pesino o Armenia,36,1.25,2.8615384615384616,14.001944615384616,4670.507692307692,2.23,793.1846153846154,0.7846153846153846,268.4634146341463,0.0,0.0
Thresh insane flash prediction #shorts #leagueoflegends,3751,1.41,0.8141025641025641,3.637442307692308,746.8141025641025,1.714102564102564,453.12820512820514,1.0769230769230769,1299.7551020408164,1875.5,3751.0
Every's watching to your RYZE - FIRST TIME,44,2.99,0.8141025641025641,3.637442307692308,746.8141025641025,1.714102564102564,453.12820512820514,1.0769230769230769,327.9764705882353,0.0,0.0
"NOVEDADES IMPERIVM III - Resolución, Steam y otros avances... (2019)",12004,10.11,10.0,85.84160588235294,9411.941176470587,7.367058823529412,2500.176470588235,11.0,327.9764705882353,285.8095238095238,444.5925925925926
Bard utility support #leagueoflegends #shortslol,1308,2.77,0.8141025641025641,3.637442307692308,746.8141025641025,1.714102564102564,453.12820512820514,1.0769230769230769,174.2,0.0,1308.0
Lol Highlights Today ep. 14 - Plays ft. SirGio,42,3.8,0.8141025641025641,3.637442307692308,746.8141025641025,1.714102564102564,453.12820512820514,1.0769230769230769,1299.7551020408164,2.625,0.0
"Campaña de las Cruzadas 4 - Formación de un gran ejército, jaque a la capital egipcia de El Cairo",482,5.01,0.3636363636363636,5.180945454545455,940.181818181818,2.268181818181818,149.0,0.0909090909090909,1145.3,0.0,0.0
Naval Action ep. 10 Clan FLEKI PVE,491,3.72,4.181818181818182,97.90134545454544,5874.454545454545,5.493636363636363,760.1818181818181,3.3181818181818183,421.21875,163.66666666666666,245.5
v1.50 Imperivm HD para Steam [2019],1531,11.04,10.0,85.84160588235294,9411.941176470587,7.367058823529412,2500.176470588235,11.0,421.21875,80.57894736842105,117.76923076923076
2 VS 2 - SirAlatriste & Sirgio VS Zr Mbaka & Montzyzz,92,1.02,0.8141025641025641,3.637442307692308,746.8141025641025,1.714102564102564,453.12820512820514,1.0769230769230769,327.9764705882353,0.0,0.0
Esparta # 11 [Parte 2] - Batalla de aguante,55,1.54,2.8615384615384616,14.001944615384616,4670.507692307692,2.23,793.1846153846154,0.7846153846153846,268.4634146341463,0.0,55.0
65ª partida League of Legends - LULU MID 2,33,0.32,0.8141025641025641,3.637442307692308,746.8141025641025,1.714102564102564,453.12820512820514,1.0769230769230769,327.9764705882353,0.0,0.0
FINAL DESTROYER back! - Ark ep. 21,310,3.07,1.9787234042553192,55.4977,999.3404255319148,3.4631914893617024,737.468085106383,1.5106382978723405,244.6590909090909,0.0,51.66666666666666
"STAR WARS BATTLEFRONT #1 ||| ¡¡PUES ESO, ALLA VAMOS!! (15:20,16:08,17:55)",37,0.68,0.5714285714285714,1.499385714285714,934.1428571428572,0.8171428571428571,50.0,-0.1428571428571428,1145.3,0.0,37.0
STAR WARS BATTLEFRONT #4 - PARTIDAS MÁS DECENTES!,87,1.16,0.5714285714285714,1.499385714285714,934.1428571428572,0.8171428571428571,50.0,-0.1428571428571428,1145.3,0.0,0.0
COD Warzone Montage | ItzImperius,291,2.77,3.142857142857143,2.9787,1025.2857142857142,2.447142857142857,313.57142857142856,4.285714285714286,88.5,291.0,18.1875
Esparta #4 [Parte 1] - Alianzas defensivas,92,1.62,2.8615384615384616,14.001944615384616,4670.507692307692,2.23,793.1846153846154,0.7846153846153846,268.4634146341463,92.0,92.0
30ª partida League of Legends - Lulu free elo,27,3.33,0.8141025641025641,3.637442307692308,746.8141025641025,1.714102564102564,453.12820512820514,1.0769230769230769,244.6590909090909,0.0,27.0
Gran España - Europa Universalis IV #20 | GUERRA EN LA CISALPINA,94,2.8,0.4,8.035069333333333,867.2,2.9804,129.6,0.2,244.6590909090909,0.0,0.0
57ª partida League of Legends - Better than aphromoo,32,2.21,0.8141025641025641,3.637442307692308,746.8141025641025,1.714102564102564,453.12820512820514,1.0769230769230769,244.6590909090909,0.0,0.0
23ª Coalición Hispánica - COOPERATIVO CON MANUTEZ2009,54,1.26,0.4,8.035069333333333,867.2,2.9804,129.6,0.2,327.9764705882353,0.0,0.0
Para VenomXtreme - AsaBranca lvl 213 killed P.C.B Argentavis - Ark ep. 13,1729,4.48,1.9787234042553192,55.4977,999.3404255319148,3.4631914893617024,737.468085106383,1.5106382978723405,1145.3,1729.0,1729.0
LoL Clash Aram Cup,1319,9.0,0.8141025641025641,3.637442307692308,746.8141025641025,1.714102564102564,453.12820512820514,1.0769230769230769,1299.7551020408164,439.6666666666667,329.75
Shaco triplekill and Thresh support #shortslol #leagueoflegends,122,2.09,0.8141025641025641,3.637442307692308,746.8141025641025,1.714102564102564,453.12820512820514,1.0769230769230769,1299.7551020408164,61.0,0.0
Napoleón TW España 42 - Batallas y asedios,38,1.12,0.6818181818181818,4.698227272727273,2457.090909090909,2.146818181818181,85.06818181818181,0.4318181818181818,174.2,0.0,38.0
thresh hook predict to annie #shorts #leagueoflegends,8049,2.64,0.8141025641025641,3.637442307692308,746.8141025641025,1.714102564102564,453.12820512820514,1.0769230769230769,1299.7551020408164,4024.5,8049.0
Coalición Hispánica #24 | ANTEPENÚLTIMO VÍDEO... - COOPERATIVO CON MANUTEZ2009,56,1.15,0.4,8.035069333333333,867.2,2.9804,129.6,0.2,327.9764705882353,0.0,0.0
Naval Action ep. 4 Tras un americano en Cuba,970,4.06,4.181818181818182,97.90134545454544,5874.454545454545,5.493636363636363,760.1818181818181,3.3181818181818183,244.6590909090909,0.0,970.0
"Esparta #9 - Lío con Ancira, a SirPedrote",33,1.49,2.8615384615384616,14.001944615384616,4670.507692307692,2.23,793.1846153846154,0.7846153846153846,268.4634146341463,0.0,0.0
PRÓXIMAMENTE - COMING SOON,31,2.05,0.8141025641025641,3.637442307692308,746.8141025641025,1.714102564102564,453.12820512820514,1.0769230769230769,327.9764705882353,0.0,0.0
LoL Highlights Today ep. 20 INSANE COMBO #lol #leagueoflegends #shortslol,1448,1.12,0.8141025641025641,3.637442307692308,746.8141025641025,1.714102564102564,453.12820512820514,1.0769230769230769,1299.7551020408164,1448.0,0.0
Gran España - Europa Universalis IV #24 || MARROQUÍES A LA VISTA,140,2.35,0.4,8.035069333333333,867.2,2.9804,129.6,0.2,244.6590909090909,0.0,140.0
League of Legends - FLEXING IN RANKED (20:50),43,1.05,0.8141025641025641,3.637442307692308,746.8141025641025,1.714102564102564,453.12820512820514,1.0769230769230769,244.6590909090909,0.0,0.0
Napoleón TW España #2 - PRIMERAS REFORMAS,147,4.03,0.6818181818181818,4.698227272727273,2457.090909090909,2.146818181818181,85.06818181818181,0.4318181818181818,327.9764705882353,147.0,0.0
Gran España - Europa Universalis IV #28,57,0.4,0.4,8.035069333333333,867.2,2.9804,129.6,0.2,244.6590909090909,57.0,0.0
Gran España - Europa Universalis IV #13 || GUERRAS EUROPEAS Y CUBA ESPAÑOLA,300,3.91,0.4,8.035069333333333,867.2,2.9804,129.6,0.2,244.6590909090909,0.0,300.0
How to Varus Support like Keria T1 LoL Season 2023,25,1.01,0.8141025641025641,3.637442307692308,746.8141025641025,1.714102564102564,453.12820512820514,1.0769230769230769,174.2,25.0,0.0
Playerunknown's Battlegrounds #2 - ASEDIO EN RUINAS [PUBG],32,0.64,0.0,1.2259666666666666,1142.3333333333333,1.096666666666667,45.66666666666666,0.0,327.9764705882353,0.0,0.0
Tribus Cherokee #1 - Campaña cooperativa - EU4,369,3.98,0.4,8.035069333333333,867.2,2.9804,129.6,0.2,327.9764705882353,73.8,0.0
Esparta #27 - Mi preciosa Palmira,25,0.65,2.8615384615384616,14.001944615384616,4670.507692307692,2.23,793.1846153846154,0.7846153846153846,268.4634146341463,0.0,0.0
Ekko old big play #shortslol #leagueoflegends,46,2.33,0.8141025641025641,3.637442307692308,746.8141025641025,1.714102564102564,453.12820512820514,1.0769230769230769,1299.7551020408164,0.0,0.0
Esparta #32 - Pérdidas en Amonios y Singidun,35,0.95,2.8615384615384616,14.001944615384616,4670.507692307692,2.23,793.1846153846154,0.7846153846153846,268.4634146341463,0.0,0.0
Napoleón TW España 9 - Armando nuevos batallones,36,1.07,0.6818181818181818,4.698227272727273,2457.090909090909,2.146818181818181,85.06818181818181,0.4318181818181818,327.9764705882353,36.0,0.0
Gran España - Europa Universalis IV #15 || GUERRA CONTRA INGLESES Y COMPAÑÍA,233,2.13,0.4,8.035069333333333,867.2,2.9804,129.6,0.2,244.6590909090909,77.66666666666667,233.0
How to get third cup on LoL Clash - Official Team Gainz Two to Three,85,1.81,0.8141025641025641,3.637442307692308,746.8141025641025,1.714102564102564,453.12820512820514,1.0769230769230769,88.5,0.0,0.0
NAPOLEÓN TOTAL WAR - Tráiler,239,2.86,0.6818181818181818,4.698227272727273,2457.090909090909,2.146818181818181,85.06818181818181,0.4318181818181818,327.9764705882353,0.0,119.5
¿Hasta donde llegarías por Roma? #8 | VICTORIA NAVAL PÍRRICA (7:08),30,1.91,2.8615384615384616,14.001944615384616,4670.507692307692,2.23,793.1846153846154,0.7846153846153846,1145.3,0.0,15.0
61ª partida LoL - ORIANNA BUILD TROLL,60,2.03,0.8141025641025641,3.637442307692308,746.8141025641025,1.714102564102564,453.12820512820514,1.0769230769230769,244.6590909090909,0.0,0.0
Gran España - Europa Universalis IV #29 || ¡GRANADA POR FIN ES NUESTRA!,111,2.92,0.4,8.035069333333333,867.2,2.9804,129.6,0.2,244.6590909090909,0.0,0.0
Napoleón TW España 37 - Batalla por Viena,27,3.21,0.6818181818181818,4.698227272727273,2457.090909090909,2.146818181818181,85.06818181818181,0.4318181818181818,174.2,27.0,0.0
Lol Highlights Today ep. 17 - Corle funny,77,1.21,0.8141025641025641,3.637442307692308,746.8141025641025,1.714102564102564,453.12820512820514,1.0769230769230769,1299.7551020408164,0.0,25.666666666666668
First time Thresh? LoL 31,33,3.3,0.8141025641025641,3.637442307692308,746.8141025641025,1.714102564102564,453.12820512820514,1.0769230769230769,244.6590909090909,0.0,16.5
Con Pedro y Andrés LoL 9,34,1.79,0.8141025641025641,3.637442307692308,746.8141025641025,1.714102564102564,453.12820512820514,1.0769230769230769,1145.3,0.0,0.0
LoL 60 - FIRST TIME LEE SIN,25,0.38,0.8141025641025641,3.637442307692308,746.8141025641025,1.714102564102564,453.12820512820514,1.0769230769230769,244.6590909090909,0.0,0.0
"""¡Qué épica!"" - LoL in 2015",43,1.34,0.8141025641025641,3.637442307692308,746.8141025641025,1.714102564102564,453.12820512820514,1.0769230769230769,421.21875,0.0,21.5
Coalición Hispánica #20 | COOPERATIVO CON MANUTEZ,47,2.32,0.4,8.035069333333333,867.2,2.9804,129.6,0.2,327.9764705882353,0.0,0.0
Napoleón TW España 30 - Batalla callejera de Dublín,43,0.82,0.6818181818181818,4.698227272727273,2457.090909090909,2.146818181818181,85.06818181818181,0.4318181818181818,421.21875,43.0,14.333333333333334
"Asedio a lo ""Gladiator"" - Victoria en 3 minutos - Rome 2 Total War",132,4.19,2.8615384615384616,14.001944615384616,4670.507692307692,2.23,793.1846153846154,0.7846153846153846,1145.3,0.0,132.0
Mario intentando jugar al War Thunder con mis nefastos tanques alemanes,28,0.97,1.2,1.21214,242.6,0.996,93.2,0.0,1145.3,0.0,0.0
MONTAGE PLAYS LOL #1 || A group of bronze noobs,489,4.04,0.8141025641025641,3.637442307692308,746.8141025641025,1.714102564102564,453.12820512820514,1.0769230769230769,244.6590909090909,489.0,40.75
Esparta #7 - Defensa de Iconio,67,0.9,2.8615384615384616,14.001944615384616,4670.507692307692,2.23,793.1846153846154,0.7846153846153846,268.4634146341463,0.0,0.0
Alistar and Vayne awesome combo insect,5477,2.57,0.8141025641025641,3.637442307692308,746.8141025641025,1.714102564102564,453.12820512820514,1.0769230769230769,1299.7551020408164,5477.0,2738.5
"Tomas falsas de la ""Noche de zombies""",45,4.21,1.8,1.76096,2288.6,2.1700000000000004,242.6,0.4,1145.3,0.0,0.0
Esparta #6 [Parte 1] - Formación contra Sardes,45,1.23,2.8615384615384616,14.001944615384616,4670.507692307692,2.23,793.1846153846154,0.7846153846153846,268.4634146341463,0.0,3.0
LoL Highlights Today ep. 19 Carry Corleone #shorts #lol,1508,1.22,0.8141025641025641,3.637442307692308,746.8141025641025,1.714102564102564,453.12820512820514,1.0769230769230769,1299.7551020408164,1508.0,0.0
Napoleón TW España 12 - Liberada una nación marchamos a otra,55,1.59,0.6818181818181818,4.698227272727273,2457.090909090909,2.146818181818181,85.06818181818181,0.4318181818181818,421.21875,0.0,0.0
COALICIÓN HISPÁNICA #10 | COOPERATIVO CON MANUTEZ,58,1.1,0.4,8.035069333333333,867.2,2.9804,129.6,0.2,244.6590909090909,0.0,0.0
Esparta #51 - Λ FINAL Λ,55,2.46,2.8615384615384616,14.001944615384616,4670.507692307692,2.23,793.1846153846154,0.7846153846153846,88.5,55.0,0.0
Grandes dinosaurios (Parte 2) - Ark ep. 30,50,1.55,1.9787234042553192,55.4977,999.3404255319148,3.4631914893617024,737.468085106383,1.5106382978723405,244.6590909090909,0.0,0.0
[FIN] IMPERIVM III con MCI MOD - Roma conquista Italia #2,659,4.83,10.0,85.84160588235294,9411.941176470587,7.367058823529412,2500.176470588235,11.0,327.9764705882353,0.0,659.0
Naval Action ep. 13 Santísima Trinidad vs 10,3036,10.35,4.181818181818182,97.90134545454544,5874.454545454545,5.493636363636363,760.1818181818181,3.3181818181818183,268.4634146341463,303.6,189.75
Guerra Mundial del Seafight,52,3.49,0.0,0.9388,172.0,3.49,52.0,0.0,1145.3,0.0,0.0
Esparta #40,41,0.97,2.8615384615384616,14.001944615384616,4670.507692307692,2.23,793.1846153846154,0.7846153846153846,268.4634146341463,0.0,41.0
Gran España - Europa Universalis IV #8 ||| ¡¡¡GUERRA CIVIL!!!,407,4.56,0.4,8.035069333333333,867.2,2.9804,129.6,0.2,244.6590909090909,407.0,203.5
Napoleón TW España 5 - 2ª BATALLA por Sicilia,75,2.33,0.6818181818181818,4.698227272727273,2457.090909090909,2.146818181818181,85.06818181818181,0.4318181818181818,327.9764705882353,0.0,0.0
Montxo KS - LoL in 2015,27,1.38,0.8141025641025641,3.637442307692308,746.8141025641025,1.714102564102564,453.12820512820514,1.0769230769230769,421.21875,0.0,0.0
Gran España - Europa Universalis IV #19 | NUEVA ARAGÓN Y LABOURD,88,1.11,0.4,8.035069333333333,867.2,2.9804,129.6,0.2,244.6590909090909,0.0,44.0
Coalición Hispánica #6 | COOPERATIVO CON MANUTEZ2009,94,4.99,0.4,8.035069333333333,867.2,2.9804,129.6,0.2,244.6590909090909,0.0,0.0
Napoleón TW España 18 - ESPECIAL Batalla naval épica contra Nelson,305,4.05,0.6818181818181818,4.698227272727273,2457.090909090909,2.146818181818181,85.06818181818181,0.4318181818181818,421.21875,101.66666666666669,50.833333333333336
Gran España - Europa Universalis IV #12 || LA ESPAÑOLA,96,3.16,0.4,8.035069333333333,867.2,2.9804,129.6,0.2,244.6590909090909,0.0,96.0
Coalición Hispánica #3 | COOPERATIVO CON MANUTEZ,137,4.79,0.4,8.035069333333333,867.2,2.9804,129.6,0.2,244.6590909090909,0.0,0.0
Naval Action ep. 21 Live PB Las Tortugas's Port Battle,115,4.68,4.181818181818182,97.90134545454544,5874.454545454545,5.493636363636363,760.1818181818181,3.3181818181818183,88.5,-115.0,115.0
Aniquilando dinos de un comerciante de P.C.B - Ark ep. 8,2409,4.53,1.9787234042553192,55.4977,999.3404255319148,3.4631914893617024,737.468085106383,1.5106382978723405,1145.3,344.1428571428572,481.8
Esparta #33 - Apolonia semper fidelis,29,0.94,2.8615384615384616,14.001944615384616,4670.507692307692,2.23,793.1846153846154,0.7846153846153846,268.4634146341463,0.0,0.0
Napoleón TW España 16 - Batalla naval y asedio de Nápoles,85,1.66,0.6818181818181818,4.698227272727273,2457.090909090909,2.146818181818181,85.06818181818181,0.4318181818181818,421.21875,0.0,85.0
F1 Gran Premio de China - Clasificación (McLaren-Honda),33,0.62,0.0,2.45762,2259.0,1.192,55.8,0.0,327.9764705882353,0.0,0.0
Tribus Cherokee #13,30,1.01,0.4,8.035069333333333,867.2,2.9804,129.6,0.2,421.21875,0.0,0.0
Esparta #15 - Egipto es faraónica,29,1.01,2.8615384615384616,14.001944615384616,4670.507692307692,2.23,793.1846153846154,0.7846153846153846,268.4634146341463,0.0,0.0
CoD MW2 Shots by Imperius,565,3.61,3.142857142857143,2.9787,1025.2857142857142,2.447142857142857,313.57142857142856,4.285714285714286,1299.7551020408164,565.0,0.0
Esparta #49,32,1.79,2.8615384615384616,14.001944615384616,4670.507692307692,2.23,793.1846153846154,0.7846153846153846,88.5,0.0,0.0
Napoleón TW España 43 - Batalla por Breslau,50,1.83,0.6818181818181818,4.698227272727273,2457.090909090909,2.146818181818181,85.06818181818181,0.4318181818181818,174.2,0.0,0.0
EPIC VOLCANO DEFENSE PARTE 2 | SERVER 230 | ARK SEASON 2017 #2,174,1.78,1.9787234042553192,55.4977,999.3404255319148,3.4631914893617024,737.468085106383,1.5106382978723405,327.9764705882353,0.0,0.0
Gran España - Europa Universalis IV #6 || OCUPACIÓN DE ARAGÓN,151,3.46,0.4,8.035069333333333,867.2,2.9804,129.6,0.2,1145.3,0.0,0.0
¿Hasta donde llegarías por Roma? #13 | TODOS LOS IMPERIOS CAEN - FINAL,34,0.99,2.8615384615384616,14.001944615384616,4670.507692307692,2.23,793.1846153846154,0.7846153846153846,1145.3,0.0,0.0
Gran España - Europa Universalis IV #30 || LA GRAN INVERSIÓN MERCANTIL,89,1.78,0.4,8.035069333333333,867.2,2.9804,129.6,0.2,244.6590909090909,0.0,14.833333333333334
Grandes dinosaurios (Parte 1) - Ark ep. 29,61,2.43,1.9787234042553192,55.4977,999.3404255319148,3.4631914893617024,737.468085106383,1.5106382978723405,244.6590909090909,61.0,0.0
Gran España - Europa Universalis IV #23 | RUMBO A MÉXICO,103,0.78,0.4,8.035069333333333,867.2,2.9804,129.6,0.2,244.6590909090909,0.0,0.0
Coalición Hispánica #14 | COOPERATIVO CON MANUTEZ2009,61,4.47,0.4,8.035069333333333,867.2,2.9804,129.6,0.2,244.6590909090909,0.0,0.0
Intento de aterrizar en un portaaviones 1,41,1.57,1.2,1.21214,242.6,0.996,93.2,0.0,1145.3,0.0,0.0
Campaña de las Cruzadas 8 - Derrota cerca de la plaza de Ascalón. Cae el sultán Saladino.,167,2.33,0.3636363636363636,5.180945454545455,940.181818181818,2.268181818181818,149.0,0.0909090909090909,1145.3,0.0,83.5
Napoleón TW España 33 - Zagreb o el fin del mundo,72,1.32,0.6818181818181818,4.698227272727273,2457.090909090909,2.146818181818181,85.06818181818181,0.4318181818181818,421.21875,0.0,0.0
TRAILER EUROPA UNIVERSALIS IV - ODISEA EN AMÉRICA,252,2.48,0.4,8.035069333333333,867.2,2.9804,129.6,0.2,327.9764705882353,126.0,126.0
thresh insane hook flash predict #shorts #leagueoflegends,5057,1.19,0.8141025641025641,3.637442307692308,746.8141025641025,1.714102564102564,453.12820512820514,1.0769230769230769,1299.7551020408164,0.0,0.0
Thresh predicts flash slow motion hook - 1.5 kk maestry #shorts,5267,2.57,0.8141025641025641,3.637442307692308,746.8141025641025,1.714102564102564,453.12820512820514,1.0769230769230769,1299.7551020408164,0.0,1755.6666666666667
Napoleón TW España 13 - Desafiando a Horatio Nelson,80,1.97,0.6818181818181818,4.698227272727273,2457.090909090909,2.146818181818181,85.06818181818181,0.4318181818181818,421.21875,80.0,0.0
ATACANDO SERVER 432 COORE - ARK SEASON 2017 #5,107,2.89,1.9787234042553192,55.4977,999.3404255319148,3.4631914893617024,737.468085106383,1.5106382978723405,327.9764705882353,0.0,107.0
Raid a rusos - Ark ep. 32,269,3.04,1.9787234042553192,55.4977,999.3404255319148,3.4631914893617024,737.468085106383,1.5106382978723405,244.6590909090909,0.0,0.0
COALICIÓN HISPÁNICA #12 - COOPERATIVO CON MANUTEZ,65,4.73,0.4,8.035069333333333,867.2,2.9804,129.6,0.2,244.6590909090909,0.0,0.0
League of Legends -  RANKED PLATA 4,42,2.06,0.8141025641025641,3.637442307692308,746.8141025641025,1.714102564102564,453.12820512820514,1.0769230769230769,244.6590909090909,0.0,0.0
Napoleón TW España 26 - Batallas en Oxford y Perusa,33,0.88,0.6818181818181818,4.698227272727273,2457.090909090909,2.146818181818181,85.06818181818181,0.4318181818181818,421.21875,0.0,0.0
Imperivm RTC HD Nuevo sistema de lealtad 2022,353,9.07,10.0,85.84160588235294,9411.941176470587,7.367058823529412,2500.176470588235,11.0,1299.7551020408164,353.0,0.0
Comentando la futura 1.2 del Imperivm RTC con Rambol,209,4.81,10.0,85.84160588235294,9411.941176470587,7.367058823529412,2500.176470588235,11.0,1299.7551020408164,104.5,41.8
Clash Tournament #1 - League of Legends - Team MCL,180,0.9,0.8141025641025641,3.637442307692308,746.8141025641025,1.714102564102564,453.12820512820514,1.0769230769230769,421.21875,0.0,0.0
Campaña con Esparta - Tráiler,131,3.53,2.8615384615384616,14.001944615384616,4670.507692307692,2.23,793.1846153846154,0.7846153846153846,268.4634146341463,0.0,21.83333333333333
Palizón online 2 vs 2 con Manutez2009 - Empire Total War,209,2.15,5.384615384615385,123.85656153846156,5924.153846153846,3.209230769230769,3685.923076923077,1.7692307692307692,1145.3,-209.0,209.0
Team ranked LoL 21,46,0.77,0.8141025641025641,3.637442307692308,746.8141025641025,1.714102564102564,453.12820512820514,1.0769230769230769,1145.3,0.0,11.5
Naval Action ep. 5 Batalla de Remedios,210,3.61,4.181818181818182,97.90134545454544,5874.454545454545,5.493636363636363,760.1818181818181,3.3181818181818183,327.9764705882353,0.0,0.0
ALLAHU AKBAR - ARK SEASON 2017 #7 - Ft. CALUM FD,81,3.08,1.9787234042553192,55.4977,999.3404255319148,3.4631914893617024,737.468085106383,1.5106382978723405,327.9764705882353,0.0,10.125
Naval Action ep. 16 Batalla de La Anguila,597,5.85,4.181818181818182,97.90134545454544,5874.454545454545,5.493636363636363,760.1818181818181,3.3181818181818183,268.4634146341463,199.0,149.25
Defendiendo el vulcano - Ark FD memories,40,2.36,1.9787234042553192,55.4977,999.3404255319148,3.4631914893617024,737.468085106383,1.5106382978723405,88.5,0.0,40.0
Guerra contra P.C.B con los Black Dragon - Ark ep. 10,3058,5.94,1.9787234042553192,55.4977,999.3404255319148,3.4631914893617024,737.468085106383,1.5106382978723405,1145.3,611.6,1529.0
Guerra con C.N.B (Aliados P.C.B) - Ark ep. 11,1246,4.52,1.9787234042553192,55.4977,999.3404255319148,3.4631914893617024,737.468085106383,1.5106382978723405,1145.3,623.0,1246.0
Napoleón TW España 4 - NOS REPONEMOS,105,2.56,0.6818181818181818,4.698227272727273,2457.090909090909,2.146818181818181,85.06818181818181,0.4318181818181818,327.9764705882353,0.0,0.0
Tribus Cherokee #10,58,1.55,0.4,8.035069333333333,867.2,2.9804,129.6,0.2,421.21875,-58.0,0.0
